도서관명,시도명,시군구명,도서관유형,휴관일,평일운영시작시각,평일운영종료시각,공휴일운영시작시각,공휴일운영종료시각,소재지도로명주소,도서관전화번호
삼각산어린이도서관,서울특별시,강북구,공공도서관,매월둘째넷째월요일정부지정공휴일,9:00,18:00,9:00,17:30,서울특별시 강북구 삼양로19길 34 (미아동),02-944-3190
미아문화정보도서관,서울특별시,강북구,공공도서관,매월둘째넷째월요일정부지정공휴일,9:00,22:00,9:00,22:00,서울특별시 강북구 솔매로49길 14 (미아동),02-944-3180
수유문화정보도서관,서울특별시,강북구,공공도서관,매월첫째셋째월요일정부지정공휴일,9:00,22:00,9:00,22:00,서울특별시 강북구 삼양로 299 (수유동),02-944-3170
송중문화정보도서관,서울특별시,강북구,공공도서관,매월첫째셋째월요일정부지정공휴일,9:00,22:00,9:00,22:00,서울특별시 강북구 도봉로20나길 6 (미아동),02-944-3160
솔샘문화정보도서관,서울특별시,강북구,공공도서관,매월첫째셋째월요일정부지정공휴일,9:00,22:00,9:00,22:00,서울특별시 강북구 솔샘로 177 (미아동),02-944-3150
강북청소년문화정보도서관,서울특별시,강북구,공공도서관,매월둘째넷째월요일정부지정공휴일,9:00,22:00,9:00,22:00,서울특별시 강북구 삼양로54길 68 (미아동),02-944-3140
강북문화정보도서관,서울특별시,강북구,공공도서관,매월둘째넷째월요일정부지정공휴일,9:00,23:00,9:00,23:00,서울특별시 강북구 오현로 145 (번동),02-944-3100
가람작은도서관,서울특별시,강서구,작은도서관,일요일,9:00,17:00,0:00,0:00,서울특별시 강서구 양천로 57길 36,02-2668-4603
초록동작은도서관,서울특별시,강서구,작은도서관,일요일,9:30,16:30,0:00,0:00,서울특별시 강서구 초록마을로 14길 36,02-2065-7670
꿈자람책놀이터,서울특별시,강서구,작은도서관,일요일,10:00,18:00,0:00,0:00,서울특별시 강서구 개화동로21길 4,070-4881-8862
해뜰 작은도서관,서울특별시,강서구,작은도서관,일요일,9:00,18:00,0:00,0:00,서울특별시 강서구 방화대로48길 40,02-2662-6669
옹기종기 작은도서관,서울특별시,강서구,작은도서관,일요일,9:00,18:00,0:00,0:00,서울특별시 강서구 공항대로61길 50,02-3663-4155
수명산 작은도서관,서울특별시,강서구,작은도서관,일요일,9:00,18:00,0:00,0:00,서울특별시 강서구 수명로 1길 131,02-2666-0037
방그리나 작은도서관,서울특별시,강서구,작은도서관,일요일,9:00,18:00,0:00,0:00,서울특별시 강서구 금낭화로24길 5,02-2600-5267
채움 작은도서관,서울특별시,강서구,작은도서관,일요일,9:00,18:00,0:00,0:00,서울특별시 강서구 개화동로23길 20,02-2600-5225
글벗누리 작은도서관,서울특별시,강서구,작은도서관,일요일,9:00,18:00,0:00,0:00,서울특별시 강서구 방화동로124-1,02-2600-7962
송정 작은도서관,서울특별시,강서구,작은도서관,일요일,9:00,18:00,0:00,0:00,서울특별시 강서구 송정로 45,02-2600-7932
책향기 작은도서관,서울특별시,강서구,작은도서관,일요일,10:00,18:00,0:00,0:00,서울특별시 강서구 강서로47길 54,02-2600-7874
도리샘 작은도서관,서울특별시,강서구,작은도서관,일요일,9:00,18:00,0:00,0:00,서울특별시 강서구 허준로 202,02-2600-7856
구암마을 작은도서관,서울특별시,강서구,작은도서관,일요일,9:00,18:00,0:00,0:00,서울특별시 강서구 허준로 93,02-2600-7813
도란도란쉼터 작은도서관,서울특별시,강서구,작은도서관,일요일,9:00,17:30,0:00,0:00,서울특별시 강서구 허준로30,02-2600-7778
내발산 작은도서관,서울특별시,강서구,작은도서관,일요일,9:30,18:00,0:00,0:00,서울특별시 강서구 강서로52길89,02-2600-7756
배다리 작은도서관,서울특별시,강서구,작은도서관,일요일,10:00,18:00,0:00,0:00,서울특별시 강서구 곰달래로25길 45,02-2600-7701
역마을 작은도서관,서울특별시,강서구,작은도서관,일요일,9:00,18:00,0:00,0:00,서울특별시 강서구 화곡로312,02-2600-7660
볏고을 작은도서관,서울특별시,강서구,작은도서관,일요일,10:00,18:00,0:00,0:00,서울특별시 강서구 곰달래로57가길26,02-2600-2275
책마루 작은도서관,서울특별시,강서구,작은도서관,일요일,9:00,18:00,0:00,0:00,서울특별시 강서구 강서로33가길 17,02-2600-7577
옹달샘 작은도서관,서울특별시,강서구,작은도서관,일요일,9:00,18:00,0:00,0:00,서울특별시 강서구 곰달래로37길 13,02-2600-7545
꿈터 작은도서관,서울특별시,강서구,작은도서관,일요일,9:00,18:00,0:00,0:00,서울특별시 강서구 곰달래로 79,02-2600-7515
초록향기 작은도서관,서울특별시,강서구,작은도서관,일요일,9:00,18:00,0:00,0:00,서울특별시 강서구 초록마을로 5길 29,02-2600-7474
큰마음 작은도서관,서울특별시,강서구,작은도서관,일요일,9:00,18:00,0:00,0:00,서울특별시 강서구 화곡로63길 96,02-2600-7448
등마루골 작은도서관,서울특별시,강서구,작은도서관,일요일,9:00,18:00,0:00,0:00,서울특별시 강서구 등촌로143,02-2600-7381
생각열매 작은도서관,서울특별시,강서구,작은도서관,일요일,9:00,18:00,0:00,0:00,서울특별시 강서구 공항대로53가길 55,02-2600-7356
아리향기 작은도서관,서울특별시,강서구,작은도서관,일요일,9:00,18:00,0:00,0:00,서울특별시 강서구 양천로 67가길 63,02-2600-7326
가양도서관,서울특별시,강서구,공공도서관,월요일,9:00,22:00,0:00,0:00,서울특별시 강서구 양천로 61길 101,02-3665-8797
꿈꾸는어린이도서관,서울특별시,강서구,공공도서관,월요일,9:00,22:00,0:00,0:00,서울특별시 강서구 공항대로 615,02-3663-4025
우장산숲속도서관,서울특별시,강서구,공공도서관,월요일,9:00,22:00,0:00,0:00,서울특별시 강서구 우현로 34,02-2696-6689
길꽃어린이도서관,서울특별시,강서구,공공도서관,월요일,9:00,22:00,0:00,0:00,서울특별시 강서구 금낭화로24길 5,02-2663-4764
푸른들청소년도서관,서울특별시,강서구,공공도서관,월요일,9:00,22:00,0:00,0:00,서울특별시 강서구 강서로45다길 71,02-2691-1630
강서영어도서관,서울특별시,강서구,공공도서관,월요일,9:00,18:00,0:00,0:00,서울특별시 강서구 곰달래로57가길 26,02-2061-2270
곰달래도서관,서울특별시,강서구,공공도서관,월요일,9:00,22:00,0:00,0:00,서울특별시 강서구 강서로5길 50,02-2065-3786
등빛도서관,서울특별시,강서구,공공도서관,매월마지막주 월요일,9:00,22:00,0:00,0:00,서울특별시 강서구 강서로62길 48,02-3664-6990
중구구립도서관,서울특별시,서울시 중구,공공도서관,365일 연중무휴,9:00,18:00,9:00,18:00,서울특별시 중구 동호로 14길 18,02)2280-8470
남산타운문화체육센터 어린이도서관,서울특별시,중구,어린이도서관,매주 월요일 공휴일 ※ 공휴일은 휴관으로 공휴일운영시각은 00:00으로 표기,9:00,22:00,0:00,0:00,서울특별시 중구 다산로 32,02-2280-8486
손기정문화체육센터 정보도서관,서울특별시,중구,공공도서관,매주 월 법정공휴일 ※ 공휴일은 휴관으로 공휴일운영시각은 00:00으로 표기,9:00,18:00,0:00,0:00,서울특별시 중구 손기정로101,02-2280-8455
중구구립신당도서관,서울특별시,중구,공공도서관,연중무휴,8:00,23:00,9:00,18:00,서울특별시 중구 다산로38길 66-35,02-2280-8490
세곡도서관,서울특별시,강남구,작은도서관,첫째(셋째)월요일 일요일을 제외한법정공휴일,9:00,21:30,0:00,0:00,서울특별시 강남구 밤고개로 286 (세곡문화센터 2층),02-445-0297
대치1작은도서관,서울특별시,강남구,작은도서관,첫째(셋째)월요일 일요일을 제외한법정공휴일,9:00,18:00,0:00,0:00,서울특별시 강남구 남부순환로391길 19 (대치1문화센터 지하1층),02-3452-1170
역삼2동작은도서관,서울특별시,강남구,작은도서관,일요일 법정공휴일,9:00,18:00,0:00,0:00,서울특별시 강남구 언주로 314(강남프라자 2층)역삼동 761-18,02-567-0930
신사동작은도서관,서울특별시,강남구,작은도서관,토 일요일 법정공휴일,9:00,17:00,0:00,0:00,"서울특별시 강남구 압구정로 128(신사동 주민센터5층), 신사동 548-1",02-3423-7303
압구정동작은도서관,서울특별시,강남구,작은도서관,토 일요일 법정공휴일,9:00,18:00,0:00,0:00,서울특별시 강남구 압구정로 151(압구정동 주민센터 3층)압구정동 426,02-3423-7603
도곡2동 작은도서관,서울특별시,강남구,작은도서관,토 일요일 법정공휴일,9:00,17:00,0:00,0:00,서울특별시 강남구 남부순환로 378길 34-9(도곡2문화센터 1층)도곡동 518-8,02-3423-7556
개포1동작은도서관,서울특별시,강남구,작은도서관,토 일요일 법정공휴일,9:30,17:30,0:00,0:00,서울특별시 강남구 개포로 310-17(개포1동 주민센터 2층)개포동660-7,02-3423-7656
개포4동작은도서관,서울특별시,강남구,작은도서관,토 일요일 법정공휴일,9:00,17:30,0:00,0:00,서울특별시 강남구 개포로 38길 12(개포4동 주민센터 2층)개포동121-4,02-3423-7853
일원본동 작은도서관,서울특별시,강남구,작은도서관,토 일요일 법정공휴일,10:00,16:00,0:00,0:00,서울특별시 강남구 광평로 126(일원본동 주민센터2층) 일원동 735-3,02-3423-8263
수서동 작은도서관,서울특별시,강남구,작은도서관,토 일요일 법정공휴일,9:00,18:00,0:00,0:00,서울특별시 강남구 광평로 301-4(수서동 주민센터 2층)수서동 718-2,02-3723-8553
일원1동 작은도서관,서울특별시,강남구,작은도서관,토 일요일 법정공휴일,9:00,18:00,0:00,0:00,서울특별시 강남구 양재대로55길 14 일원1동 주민센터 1층,02-3423-8366
도곡정보문화도서관,서울특별시,강남구,공공도서관,첫째(셋째)월요일 일요일을 제외한법정공휴일,6:00,22:00,0:00,0:00,서울특별시 강남구 도곡로18길 57(도곡동 892-6),02-2176-0780
논현도서관,서울특별시,강남구,공공도서관,둘째(넷째)화요일 일요일을 제외한법정공휴일,6:00,22:00,0:00,0:00,서울특별시 강남구 학동로43길 17 (논현2문화센터 6층),02-3443-7650
정다운도서관,서울특별시,강남구,공공도서관,둘째(넷째)화요일 일요일을 제외한법정공휴일,6:00,22:00,0:00,0:00,서울특별시 강남구 학동로67길 11 (청담평생학습관 3층),02-512-9326
청담도서관,서울특별시,강남구,공공도서관,첫째(셋째)월요일 일요일을 제외한법정공휴일,6:00,22:00,0:00,0:00,서울특별시 강남구 압구정로79길 26 (청담1문화센터 7층),02-540-7042
대치도서관,서울특별시,강남구,공공도서관,둘째(넷째)화요일 일요일을 제외한법정공휴일,6:00,21:00,0:00,0:00,서울특별시 강남구 삼성로 212 (은마상가 C블럭 2층),02-565-6666
즐거운도서관,서울특별시,강남구,공공도서관,첫째(셋째)월요일 일요일을 제외한법정공휴일,6:00,22:00,0:00,0:00,서울특별시 강남구 도곡로77길 23 (대치4문화센터 4층),02-565-7533
행복한도서관,서울특별시,강남구,공공도서관,둘째(넷째)화요일 일요일을 제외한법정공휴일,6:00,22:00,0:00,0:00,서울특별시 강남구 영동대로65길 24 (대치2문화센터 3층),02-567-3833
역삼푸른솔도서관,서울특별시,강남구,공공도서관,둘째(넷째)화요일 일요일을 제외한법정공휴일,6:00,22:00,0:00,0:00,서울특별시 강남구 테헤란로8길 36 (강남문화원 4층),02-2051-1178
역삼도서관,서울특별시,강남구,공공도서관,첫째(셋째)월요일 일요일을 제외한법정공휴일,6:00,22:00,0:00,0:00,서울특별시 강남구 역삼로7길 16 (역삼1문화센터 5층),02-508-1139
논현정보도서관,서울특별시,강남구,작은도서관,일요일  법정공휴일,9:00,18:00,0:00,0:00,서울특별시 강남구 학동로 343 포바빌딩 지하2층,02-6004-3984
열린도서관,서울특별시,강남구,작은도서관,일요일  법정공휴일,9:00,21:00,0:00,0:00,서울특별시 강남구 학동로 343 포바빌딩 지하2층,02-6004-3970
삼성도서관,서울특별시,강남구,작은도서관,둘째(넷째)화요일 일요일을 제외한법정공휴일,9:00,18:00,0:00,0:00,서울특별시 강남구 봉은사로 616 (삼성1동 주민센터 동관4층),02-568-9984
남산타운문화체육센터어린이도서관,서울특별시,중구,공공도서관,매주 월요일 법정 공휴일,9:00,22:00,0:00,0:00,서울특별시 중구 다산로32(신당동),02-2280-8486
중구구립신당도서관,서울특별시,중구,공공도서관,연중무휴,9:00,18:00,9:00,18:00,서울특별시 중구 다산로38길 66-35(신당동),02-2280-8490
중구구립도서관,서울특별시,중구,공공도서관,연중무휴,9:00,18:00,9:00,18:00,서울특별시 중구 동호로14길 18(신당동),02-2280-8470
손기정정보도서관,서울특별시,중구,작은도서관,매주 월요일 법정 공휴일,9:00,18:00,0:00,0:00,서울특별시 중구 손기정로 101(만리동2가),02-2280-8455
송파글마루도서관,서울특별시,송파구,공공도서관,매주월요일+국가지정공휴일,9:00,22:00,9:00,22:00,서울특별시 송파구 충민로 120 (장지동),02-449-8855
사당솔밭도서관,서울특별시,동작구,공공도서관,매주 월요일 법정 공휴일,9:00,22:00,0:00,0:00,서울특별시 동작구 솔밭로 86,02-585-8411
상도국주도서관,서울특별시,동작구,공공도서관,매주 월요일 법정 공휴일,9:00,22:00,0:00,0:00,서울특별시 동작구 매봉로 37,02-813-6750
동작어린이도서관,서울특별시,동작구,공공도서관,매주 월요일 법정 공휴일,9:00,18:00,0:00,0:00,서울특별시 동작구 장승배기로16길 98,02-823-6750
대방어린이도서관,서울특별시,동작구,공공도서관,매주 월요일 법정 공휴일,9:00,18:00,0:00,0:00,서울특별시 동작구 대방동길 55,02-813-6740
동작샘터도서관,서울특별시,동작구,작은도서관,매주 월요일 법정 공휴일,9:00,18:00,0:00,0:00,서울특별시 동작구 동작대로29길 63-26,02-533-6750
본도작은도서관,서울특별시,동작구,작은도서관,매주 월요일 법정 공휴일,9:00,18:00,0:00,0:00,서울특별시 동작구 노량진로32길 10,02-813-7040
약수작은도서관,서울특별시,동작구,작은도서관,매주 월요일 법정 공휴일,9:00,18:00,0:00,0:00,서울특별시 동작구 양녕로22바길 64,02-823-1907
송파어린이도서관,서울특별시,송파구,공공도서관,매주월요일+국가지정공휴일,9:00,18:00,9:00,18:00,서울특별시 송파구 올림픽로 105 (잠실동),02-418-0303
거마도서관,서울특별시,송파구,공공도서관,국가지정공휴일+2째월요일+4째월요일,8:00,23:00,8:00,23:00,서울특별시 송파구 거마로2길 19 (거여동),02-449-2332
소나무언덕1호,서울특별시,송파구,공공도서관,매주월요일+국가지정공휴일,9:00,22:00,9:00,22:00,서울특별시 송파구 올림픽로 47길 9 (풍납동),02-475-0266
소나무언덕2호,서울특별시,송파구,공공도서관,매주월요일+국가지정공휴일,9:00,22:00,9:00,22:00,서울특별시 송파구 석촌호수로 155 (잠실동),02-424-0083
소나무언덕3호,서울특별시,송파구,공공도서관,매주월요일+국가지정공휴일,9:00,22:00,9:00,22:00,서울특별시 송파구 성내천로 319 (마천동),02-443-0130
소나무언덕4호,서울특별시,송파구,공공도서관,매주월요일+국가지정공휴일,9:00,22:00,9:00,22:00,서울특별시 송파구 송이로 34 (송파동),02-419-5100
소나무언덕 잠실본동,서울특별시,송파구,공공도서관,매주월요일+국가지정공휴일,9:00,18:00,9:00,18:00,서울특별시 송파구 탄천동로 211 (잠실동),02-412-0750
송파어린이영어,서울특별시,송파구,공공도서관,매주월요일+국가지정공휴일,9:00,18:00,9:00,18:00,서울특별시 송파구 오금로 1 (신천동),02-415-3567
돌마리도서관,서울특별시,송파구,공공도서관,매주월요일+국가지정공휴일,9:00,22:00,9:00,22:00,서울특별시 송파구 백제고분로37길 16 (석촌동),02-414-7007
송파위례도서관,서울특별시,송파구,공공도서관,매주월요일+국가지정공휴일,9:00,22:00,9:00,22:00,서울특별시 송파구 위례광장로 210 (장지동),02-402-3003
관악문화관도서관,서울특별시,관악구,공공도서관,매주 화요일/국가지정공휴일,9:00,22:00,0:00,0:00,서울특별시 관악구 신림로3길 35(신림동),02-828-5700
성북정보도서관,서울특별시,성북구,공공도서관,매월 첫째  셋째 주 월요일 및 법정공휴일,9:00,18:00,9:00,18:00,서울특별시 성북구 화랑로 18자길 13,02-962-1081
아리랑정보도서관,서울특별시,성북구,공공도서관,매월 둘째 넷째 주 월요일 및 법정공휴일,9:00,18:00,9:00,18:00,서울특별시 성북구 아리랑로 82,02-3291-4990
해오름도서관,서울특별시,성북구,공공도서관,매월 첫째  셋째 주 월요일 및 법정공휴일,9:00,18:00,9:00,18:00,서울특별시 성북구 성북로4길 52,02-6925-7002
종암동새날도서관,서울특별시,성북구,공공도서관,매월 둘째 넷째 주 월요일 및 법정공휴일,9:00,18:00,9:00,18:00,서울특별시 성북구 종암로 98-8,02-6925-6920
서경로꿈마루도서관,서울특별시,성북구,작은도서관,매주 월요일 및 법정공휴일,9:00,18:00,9:00,18:00,서울특별시 성북구 서경로 94-1,02-6925-0300
글빛정보도서관,서울특별시,관악구,공공도서관,매주 수요일/국가지정공휴일,9:00,22:00,0:00,0:00,서울특별시 관악구 관악로 30길 23,02-878-7460
성현동작은도서관,서울특별시,관악구,공공도서관,매주 화요일/국가지정공휴일,9:00,18:00,0:00,0:00,서울특별시 관악구 관악로 37길 56,02-877-7182
은천동작은도서관,서울특별시,관악구,공공도서관,매주 화요일/국가지정공휴일,9:00,18:00,0:00,0:00,서울특별시 관악구 봉천로 33나길 30,02-877-1162
조원작은도서관,서울특별시,관악구,공공도서관,매주 수요일/법정공휴일,9:00,18:00,0:00,0:00,서울특별시 관악구 조원로 12길 25,02-851~5571
봉현작은도서관,서울특별시,관악구,작은도서관,매주 일요일/국가지정공휴일,9:00,18:00,0:00,0:00,서울특별시 관악구 관악로 255-7,070-7163-5167
청룡작은도서관,서울특별시,관악구,작은도서관,매주 일요일/국가지정공휴일,9:00,18:00,0:00,0:00,서울특별시 관악구 청룡9길 12-39,02-876-4041
삼성작은도서관,서울특별시,관악구,작은도서관,매주 일요일/국가지정공휴일,9:00,18:00,0:00,0:00,서울특별시 관악구 호암로 520,070-7163-5166
숲속작은도서관,서울특별시,관악구,작은도서관,매주 화요일/국가지정공휴일,9:00,17:00,0:00,0:00,서울특별시 관악구 신림동 산50-2,070-4118-6154
책이랑놀이랑,서울특별시,관악구,작은도서관,매주 화요일/국가지정공휴일,9:00,18:00,0:00,0:00,서울특별시 관악구 행운1길 12,02-878-0955
책쉼터,서울특별시,관악구,작은도서관,매주 일요일/국가지정공휴일,9:00,18:00,0:00,0:00,서울특별시 관악구 낙성대로3길 37,00-000-0000
신림청소년독서실,서울특별시,관악구,작은도서관,매주 일요일/국가지정공휴일,10:00,18:00,0:00,0:00,서울특별시 관악구 난곡로64가길 19,070-7525-0619
관악산 詩도서관,서울특별시,관악구,작은도서관,매주 화요일/국가지정공휴일,9:00,18:00,0:00,0:00,서울특별시 관악구 신림로 23,02-871-2261
낙성대공원도서관,서울특별시,관악구,작은도서관,매주 화요일/국가지정공휴일,9:00,18:00,0:00,0:00,서울특별시 관악구 낙성대로 77,02-872-5575
하난곡작은도서관,서울특별시,관악구,작은도서관,매주 화요일/국가지정공휴일,9:00,18:00,0:00,0:00,서울특별시 관악구 난우10가길 20-7,02-868-8994
용꿈꾸는 작은도서관,서울특별시,관악구,작은도서관,매주 일요일/국가지정공휴일,9:00,22:00,0:00,0:00,서울특별시 관악구 관악로 145,02-889-8823
도림천에서 용나는 작은도서관,서울특별시,관악구,작은도서관,매주 화요일/국가지정공휴일,9:00,20:00,0:00,0:00,서울특별시 관악구 신림로 297,02-877-2722
꿈나무 영유아도서관,서울특별시,관악구,작은도서관,매주 화요일/국가지정공휴일,9:00,18:00,0:00,0:00,서울특별시 관악구 신림로3길 35,02-828-5721
보라매동 다사랑작은도서관,서울특별시,관악구,작은도서관,매주 토/일요일/국가지정공휴일,10:00,18:00,0:00,0:00,서울특별시 관악구 봉천로 279-8,02-876-2879
은천동 한울작은도서관,서울특별시,관악구,작은도서관,매주 토/일요일/국가지정공휴일,10:00,18:00,0:00,0:00,서울특별시 관악구 국회단지2길 29-10,02-876-4091
인헌동 보물섬 작은도서관,서울특별시,관악구,작은도서관,매주 토/일요일/국가지정공휴일,9:00,18:00,0:00,0:00,서울특별시 관악구 남부순환로246가길 20,02-889-4941
난곡동 책사랑 작은도서관,서울특별시,관악구,작은도서관,매주 토/일요일/국가지정공휴일,10:00,18:00,0:00,0:00,서울특별시 관악구 난곡로 30길 40,02-861-7130
난향동 뜰안에작은도서관,서울특별시,관악구,작은도서관,매주 토/일요일/국가지정공휴일,10:00,18:00,0:00,0:00,서울특별시 관악구 난곡로 67,02-867-1735
남현동 우리작은도서관,서울특별시,관악구,작은도서관,매주 토/일요일/국가지정공휴일,10:00,18:00,0:00,0:00,서울특별시 관악구 남현1가길 29,02-525-1334
신림동 굴렁쇠작은도서관,서울특별시,관악구,작은도서관,매주 토/일요일/국가지정공휴일,10:00,18:00,0:00,0:00,서울특별시 관악구 신림동길 14,02-877-2727
서림동 글사랑작은도서관,서울특별시,관악구,작은도서관,매주 토/일요일/국가지정공휴일,10:00,18:00,0:00,0:00,서울특별시 관악구 신림로29길 6,02-884-3951
신원동 울타리작은도서관,서울특별시,관악구,작은도서관,매주 토/일요일/국가지정공휴일,10:00,18:00,0:00,0:00,서울특별시 관악구 신원로3길 13-6,02-839-1547
신사동 해오름작은도서관,서울특별시,관악구,작은도서관,매주 토/일요일/국가지정공휴일,10:00,18:00,0:00,0:00,서울특별시 관악구 조원로 151-1,02-853-7336
서원동 어울작은도서관,서울특별시,관악구,작은도서관,매주 토/일요일/국가지정공휴일,10:00,18:00,0:00,0:00,서울특별시 관악구 신림로 282,02-872-5322
대학동 녹두작은도서관,서울특별시,관악구,작은도서관,매주 토/일요일/국가지정공휴일,10:00,18:00,0:00,0:00,서울특별시 관악구 신림로 111,02-872-4765
성현동 파랑새작은도서관,서울특별시,관악구,작은도서관,매주 토/일요일/국가지정공휴일,10:00,18:00,0:00,0:00,서울특별시 관악구 구암길 38,02-875-9054
중앙동 새싹작은도서관,서울특별시,관악구,작은도서관,매주 토/일요일/국가지정공휴일,10:00,18:00,0:00,0:00,서울특별시 관악구 양녕로6다길 7,02-875-9513
청림동 푸른숲작은도서관,서울특별시,관악구,작은도서관,매주 토/일요일/국가지정공휴일,10:00,18:00,0:00,0:00,서울특별시 관악구 관악로40길 39,02-876-4090
행운동 마루작은도서관,서울특별시,관악구,작은도서관,매주 토/일요일/국가지정공휴일,10:00,18:00,0:00,0:00,서울특별시 관악구 행운1길 43,02-876-3434
청룡동 숯고을작은도서관,서울특별시,관악구,작은도서관,매주 토/일요일/국가지정공휴일,10:00,18:00,0:00,0:00,서울특별시 관악구 쑥고개로 44,02-876-4083
낙성동 우듬지작은도서관,서울특별시,관악구,작은도서관,매주 토/일요일/국가지정공휴일,10:00,18:00,0:00,0:00,서울특별시 관악구 낙성대로4가길 5,02-876-4072
미성동 책의향기작은도서관,서울특별시,관악구,작은도서관,매주 토/일요일/국가지정공휴일,10:00,18:00,0:00,0:00,서울특별시 관악구 난곡로 249,02-830-5312
삼성동 샛별작은도서관,서울특별시,관악구,작은도서관,매주 토/일요일/국가지정공휴일,10:00,18:00,0:00,0:00,서울특별시 관악구 호암로 589,02-876-2063
서울대입구역 U-도서관,서울특별시,관악구,작은도서관,국가지정공휴일(설날/추석),6:00,2:00,0:00,0:00,서울특별시 관악구 남부순환로 지하 1822(서울대입구역),00-000-0000
신대방역 U-도서관,서울특별시,관악구,작은도서관,국가지정공휴일(설날/추석),6:00,2:00,0:00,0:00,서울특별시 동작구 대림로 2(신대방역),00-000-0000
봉천역 U-도서관,서울특별시,관악구,작은도서관,국가지정공휴일(설날/추석),6:00,2:00,0:00,0:00,서울특별시 관악구 남부순환로 지하1721(봉천역),00-000-0000
낙성대역 U-도서관,서울특별시,관악구,작은도서관,국가지정공휴일(설날/추석),6:00,2:00,0:00,0:00,서울특별시 관악구 남부순환로 지하1928(낙성대역),00-000-0000
신림역 U-도서관,서울특별시,관악구,작은도서관,국가지정공휴일(설날/추석),6:00,2:00,0:00,0:00,서울특별시 관악구 남부순환로 지하1614(신림역),00-000-0000
석관동미리내도서관,서울특별시,성북구,공공도서관,매월 둘째 넷째 주 월요일 및 법정공휴일,9:00,18:00,9:00,18:00,서울특별시 성북구 한천로66길 203,02-960-5067
달빛마루도서관,서울특별시,성북구,공공도서관,매월 첫째  셋째 주 월요일 및 법정공휴일,9:00,18:00,9:00,18:00,서울특별시 성북구 종암로 167,02-911-0993
정릉도서관,서울특별시,성북구,공공도서관,매월 첫째  셋째 주 월요일 및 법정공휴일,9:00,18:00,9:00,18:00,서울특별시 성북구 정릉로 242,02-2038-9928
청수도서관,서울특별시,성북구,공공도서관,매주 월요일 및 법정공휴일,9:00,18:00,9:00,18:00,서울특별시 성북구 보국문로 16가길 20,02-2038-4423
중랑구립정보도서관,서울특별시,중랑구,공공도서관,"매월 둘째 넷째 월요일,법정공휴일 및 근로자의날(5월1일)",7:00,23:00,7:00,23:00,서울특별시 중랑구 신내로15길 197,02-490-9114
중랑구립면목정보도서관,서울특별시,중랑구,공공도서관,"첫째 셋째 월요일,법정공휴일 및 근로자의날(5월1일)",8:00,23:00,8:00,23:00,서울특별시 중랑구 면목로 397(면목본동115-18),02-432-4120
중랑숲어린이도서관,서울특별시,중랑구,공공도서관,매주월요일 법정공휴일(일요일제외) 임시휴관일,9:00,18:00,9:00,18:00,서울특별시 중랑구 망우로73길 46-1,02-6236-1150
중화어린이도서관,서울특별시,중랑구,공공도서관,매주일요일 법정공휴일 임시휴관일,9:00,18:00,9:00,18:00,서울특별시 중랑구 중랑역로 3길 28,02-2094-1846
용답동어린이작은도서관,서울특별시,성동구,공공도서관,주말 법정공휴일,9:00,18:00,0:00,0:00,서울특별시 성동구 용답중앙 23길 20 (용답동),02-2286-7523
송정동늘푸른작은도서관,서울특별시,성동구,공공도서관,주말 법정공휴일,9:00,18:00,0:00,0:00,서울특별시 성동구 송정 14길 19 (송정동),02-2286-7509
홍파랑 북카페,서울특별시,종로구,작은도서관,일요일 법정공휴일,10:00,17:00,0:00,0:00,서울특별시 종로구 송월길 154(교남동 주민센터 2층),02-2148-5197
혜화마을 북카페,서울특별시,종로구,작은도서관,일요일 법정공휴일,10:00,17:00,0:00,0:00,서울특별시 종로구 혜화로 12(혜화동 자치회관 4층),02-2148-5339
통인어린이작은도서관,서울특별시,종로구,작은도서관,2 & 4주 월요일 법정공휴일,10:00,19:00,0:00,0:00,서울특별시 종로구 자하문로 13길 20,02-739-8444
창이 작은도서관,서울특별시,종로구,작은도서관,2 & 4주토요일 일요일 법정공휴일,10:00,19:00,0:00,0:00,서울특별시 종로구 창신길 62(창신2동 주민센터 2층),02-2148-5439
창신1동하람작은도서관,서울특별시,종로구,작은도서관,토요일 일요일 법정공휴일,10:00,17:00,0:00,0:00,서울특별시 종로구 지봉로 8-6(창신1동 주민센터 2층),02-2148-5408
지혜만들기 작은도서관,서울특별시,종로구,작은도서관,토요일 일요일 법정공휴일,10:00,17:00,0:00,0:00,서울특별시 종로구 종로35가길 19(종로56가동 주민센터 3층),02-2148-5285
이화마을 작은도서관,서울특별시,종로구,작은도서관,일요일  법정공휴일,10:00,17:00,0:00,0:00,서울특별시 종로구 이화장길 33(이화동 주민센터 2층),02-2148-5309
숭인마루 작은도서관,서울특별시,종로구,작은도서관,토요일 일요일 법정공휴일,9:00,18:00,0:00,0:00,서울특별시 종로구 지봉로 86(숭인1동 주민센터 2층),02-2148-5496
무악다솜방 작은도서관,서울특별시,종로구,작은도서관,토요일 일요일 법정공휴일,9:00,18:00,0:00,0:00,서울특별시 종로구 통일로 14길 36(무악동 주민센터 2층),02-2148-5164
꿈꾸는 평창동 작은도서관,서울특별시,종로구,작은도서관,토요일 일요일 법정공휴일,10:00,18:00,0:00,0:00,서울특별시 종로구 평창문화로65(평창동 주민센터 2층),02-2148-5140
청운효자동 북카페,서울특별시,종로구,작은도서관,토요일 일요일 법정공휴일,10:00,18:00,0:00,0:00,서울특별시 종로구 자하문로 92(청운효자동 주민센터 2층),02-2148-5020
도담도담한옥도서관,서울특별시,종로구,작은도서관,매주화요일  법정공휴일,10:00,19:00,0:00,0:00,서울특별시 종로구 숭인동길 43,02-928-1133
작은도서관 삼봉서랑,서울특별시,종로구,작은도서관,토요일  일요일 법정공휴일,9:00,19:00,0:00,0:00,서울특별시 종로구 삼봉로 43 종로구청 본관1층,02-2148-2026
삼청숲속 작은도서관,서울특별시,종로구,작은도서관,월요일  신정  설연휴  추석연휴,10:00,18:00,0:00,0:00,서울특별시 종로구 북촌로 134-3,02-734-3900
청운문학도서관,서울특별시,종로구,공공도서관,월요일  신정  설연휴  추석연휴,10:00,19:00,10:00,19:00,서울특별시 종로구 자하문로 36길 40,070-4680-4032
아름꿈도서관,서울특별시,종로구,공공도서관,일요일  신정  설연휴  추석연휴,11:00,20:00,11:00,20:00,서울특별시 종로구 종로58가길 19,02-2237-6644
성수2가제3동작은도서관,서울특별시,성동구,공공도서관,주말  법정공휴일,14:00,17:00,0:00,0:00,서울특별시 성동구 광나루로 2길 35 (성수동2가),02-2286-7484
성수2가제1동어린이작은도서관,서울특별시,성동구,공공도서관,주말  법정공휴일,9:00,18:00,0:00,0:00,서울특별시 성동구 뚝섬로 385-19 (성수동2가),02-2286-7478
성수1가제2동어린이작은도서관,서울특별시,성동구,공공도서관,주말  법정공휴일,13:00,17:00,0:00,0:00,서울특별시 성동구 왕십리로 5길 3  (성수동1가),02-2286-7443
성수1가제1동작은도서관,서울특별시,성동구,공공도서관,주말  법정공휴일,9:00,18:00,0:00,0:00,서울특별시 성동구 뚝섬로 3길 18 (성수동1가),02-2286-7422
옥수동북카페,서울특별시,성동구,공공도서관,주말  법정공휴일,9:00,18:00,0:00,0:00,서울특별시 성동구 독서당로 205-1 (옥수동),02-2286-7418
금호4가동어린이작은도서관,서울특별시,성동구,공공도서관,주말  법정공휴일,9:00,18:00,0:00,0:00,서울특별시 성동구 독서당로 46길 26 (금호동4가),02-2286-7383
"금호2,3가동어린이작은도서관",서울특별시,성동구,공공도서관,주말  법정공휴일,9:00,16:00,0:00,0:00,서울특별시 성동구 무수막 18길1 (금호동2가),02-2286-7374
금호1가동우리동네북카페책단지꿀단지,서울특별시,성동구,공공도서관,주말  법정공휴일,9:00,18:00,0:00,0:00,서울특별시 성동구 행당로 15 (금호동1가),02-2286-7343
응봉동어린이작은도서관,서울특별시,성동구,공공도서관,주말  법정공휴일,10:00,17:00,0:00,0:00,서울특별시 성동구 독서당로 424 (응봉동),02-2286-7335
행당제2동어린이작은도서관,서울특별시,성동구,공공도서관,주말  법정공휴일,9:00,18:00,0:00,0:00,서울특별시 성동구 행당로 9길 9 (행당동),02-2286-7567
사근동어린이놀이터도서관,서울특별시,성동구,공공도서관,주말  법정공휴일,9:00,18:00,0:00,0:00,서울특별시 성동구 사근동길 37 (사근동),02-2286-7271
마장동작은도서관,서울특별시,성동구,공공도서관,주말  법정공휴일,14:00,18:00,0:00,0:00,서울특별시 성동구 마장로 42길11 (마장동),02-2286-7256
왕십리제2동작은도서관,서울특별시,성동구,공공도서관,주말  법정공휴일,9:00,18:00,0:00,0:00,서울특별시 성동구 무학봉길 69 (하왕십리동),02-2286-7223
왕십리도선동희망문고,서울특별시,성동구,공공도서관,법정공휴일,9:00,18:00,0:00,0:00,서울특별시 성동구 마장로 141 (상왕십리동),02-2286-7214
성동구립청계도서관,서울특별시,성동구,공공도서관,매주 월요일  법정공휴일,9:00,20:00,0:00,0:00,서울특별시 성동구 마장로 141,02-2204-7580
성동구립성수도서관,서울특별시,성동구,공공도서관,매주 월요일  법정공휴일,8:00,22:00,0:00,0:00,서울특별시 성동구 뚝섬로 1길 43,02-2204-7592
성동구립무지개도서관,서울특별시,성동구,공공도서관,매주 월요일  법정공휴일,9:00,21:00,0:00,0:00,서울특별시 성동구 고산자로 270,02-2286-6025
성동구립용답도서관,서울특별시,성동구,공공도서관,매주 월요일  법정공휴일,7:00,22:00,0:00,0:00,서울특별시 성동구 용답 중앙3길 10,02-2204-6470
성동구립금호도서관,서울특별시,성동구,공공도서관,매주 월요일  법정공휴일,7:00,22:00,0:00,0:00,서울특별시 성동구 난계로 20,02-2204-6450
성동구립도서관,서울특별시,성동구,공공도서관,"매주 월요일, 법정공휴일",7:00,22:00,0:00,0:00,서울특별시 성동구 고산자로 10길9,02-2204-6420
성동자활센터푸른하늘공부방청소년작은도서관,서울특별시,성동구,공공도서관,주말  법정공휴일,10:00,20:00,0:00,0:00,서울특별시 성동구 독서당로 272 금호대우임대아파트 관리사무소 지하 3층 (옥수동),070-4920-8859
신도림어린이영어작은도서관,서울특별시,구로구,공공도서관,화요일,9:00,18:00,23:59,0:00,"서울특별시 구로구 신도림로40, 2층 (신도림동주민센터)",02-2069-0185
글마루한옥어린이도서관,서울특별시,구로구,공공도서관,화요일,10:00,19:00,23:59,0:00,서울특별시 구로구 고척로27바길 7,02-2615-8200
개봉도서관,서울특별시,구로구,공공도서관,화요일,9:00,22:00,23:59,0:00,서울특별시 구로구 개봉로16길 30-11,02-2689-1695
하늘도서관,서울특별시,구로구,공공도서관,화요일,8:00,22:00,23:59,0:00,서울특별시 구로구 구로동로13길 68,02-864-9585
개봉어린이도서관,서울특별시,구로구,공공도서관,화요일,10:00,18:00,23:59,0:00,서울특별시 구로구 경인로 318-15,02-2066-1695
구로초주민전용도서관,서울특별시,구로구,공공도서관,화요일,9:00,22:00,23:59,0:00,"서울특별시 구로구 구로중앙로27나길 9, 4층 (온누리관)",02-858-9080
꿈마을도서관,서울특별시,구로구,공공도서관,화요일,9:00,17:00,23:59,0:00,서울특별시 구로구 디지털로27다길 65 2층,02-830-5807
꿈나무도서관,서울특별시,구로구,공공도서관,화요일,10:00,19:00,23:59,0:00,"서울특별시 구로구 구로동로26길 54, 2층 (구로구시설관리공단)",02-860-2383
새재미작은도서관,서울특별시,금천구,작은도서관,월요일,10:00,18:00,10:00,18:00,서울특별시 금천구 독산로28길 22,02-896-4572
노원정보도서관,서울특별시,노원구　,공공도서관,법정공휴일(일요일제외)   매월 첫째 셋째 월요일,8:00,23:00,0:00,0:00,서울특별시 노원구 노원로34길 43(상계동),02-950-0050　
노원어린이도서관,서울특별시,노원구　,공공도서관,법정공휴일(일요일제외)   매주 화요일,9:00,18:00,0:00,0:00,서울특별시 노원구 한글비석로 346(중계동),02-933-7145
월계문화정보도서관,서울특별시,노원구　,공공도서관,법정공휴일(일요일제외)   매월 첫째 셋째 월요일,8:00,23:00,0:00,0:00,서울특별시 노원구 월계로 319(월계동),02-991-0871
도란도란작은도서관,서울특별시,금천구,작은도서관,토요일/법정공휴일,10:00,18:00,0:00,0:00,서울특별시 금천구 독산로36길 14,02-2104-5706
해오름작은도서관,서울특별시,금천구,작은도서관,토요일/법정공휴일,9:00,16:00,0:00,0:00,서울특별시 금천구 시흥대로123길 11,02-2104-5233
상계문화정보도서관,서울특별시,노원구　,공공도서관,법정공휴일(일요일제외)   매월 첫째 셋째 월요일,8:00,23:00,0:00,0:00,서울특별시 노원구 동일로243길 57 (상계동),02-3391-7882
화랑도서관,서울특별시,노원구　,공공도서관,법정공휴일(일요일제외)   매월 첫째 셋째 월요일,9:00,18:00,0:00,0:00,서울특별시 노원구 노원로1나길 10 (공릉동),02-973-1318
꿈꾸는작은도서관,서울특별시,노원구　,작은도서관,법정공휴일  일요일,9:00,18:00,0:00,0:00,서울특별시 노원구 석계로 59 (월계동 928),02-2116-2402
달내작은도서관,서울특별시,노원구　,작은도서관,법정공휴일  일요일,9:00,18:00,0:00,0:00,서울특별시 노원구 초안산로5길 28(월계동 777번지),02-2116-2432
한내도서관,서울특별시,노원구　,작은도서관,법정공휴일  일요일,9:00,18:00,0:00,0:00,서울특별시 노원구 마들로 86(월계동 1-1),02-979-7420
도란도란작은도서관,서울특별시,노원구　,작은도서관,법정공휴일  일요일,9:00,18:00,0:00,0:00,서울특별시 노원구 동일로186길 3-24(공릉동 499-25),02-2116-2492
책이랑친구랑작은도서관,서울특별시,노원구　,작은도서관,법정공휴일  일요일,9:00,18:00,0:00,0:00,서울특별시 노원구 노원로1길 68(공릉동 87-7),02-2116-2522
가재울작은도서관,서울특별시,노원구　,작은도서관,법정공휴일  일요일,9:00,18:00,0:00,0:00,서울특별시 노원구 노원로 261(하계동 251-2),02-2116-2552
열린작은도서관,서울특별시,노원구　,작은도서관,법정공휴일  일요일,9:00,18:00,0:00,0:00,서울특별시 노원구 공릉로55길 88(하계동 273-2),02-2116-2582
책누리작은도서관,서울특별시,노원구　,작은도서관,법정공휴일  일요일,9:00,18:00,0:00,0:00,서울특별시 노원구 중계로 143(중계동 363-4),02-2116-2612
하늘작은도서관,서울특별시,노원구　,작은도서관,법정공휴일  일요일,9:00,18:00,0:00,0:00,서울특별시 노원구 노원로 17길 56(중계동 511-1),02-2116-2672
중계사랑북카페,서울특별시,노원구　,작은도서관,법정공휴일  일요일,9:00,18:00,0:00,0:00,서울특별시 노원구 덕릉로82길 50(중계동 369-2),02-2116-2702
푸른숲작은도서관,서울특별시,노원구　,작은도서관,법정공휴일  일요일,9:00,18:00,0:00,0:00,서울특별시 노원구 동일로 1697(상계동 1259),02-2116-2749
파랑새작은도서관,서울특별시,노원구　,작은도서관,법정공휴일  일요일,9:00,18:00,0:00,0:00,서울특별시 노원구 상계로 118 (상계2동 공공복합청사 2층),02-2116-2762
수락작은도서관,서울특별시,노원구　,작은도서관,법정공휴일  일요일,9:00,18:00,0:00,0:00,서울특별시 노원구 덕릉로 859(상계동 37-7),02-2116-2792
해솔작은도서관,서울특별시,노원구　,작은도서관,법정공휴일  일요일,9:00,18:00,0:00,0:00,서울특별시 노원구 한글비석로 434(상계동 167-2),02-2116-2822
반디작은도서관,서울특별시,노원구　,작은도서관,법정공휴일  일요일,9:00,18:00,0:00,0:00,서울특별시 노원구 동일로227길 97(상계동 658),02-2116-2909
한울작은도서관,서울특별시,노원구　,작은도서관,법정공휴일  일요일,9:00,18:00,0:00,0:00,서울특별시 노원구 한글비석로 487(상계동 682),02-2116-2929
가온작은도서관,서울특별시,노원구　,작은도서관,법정공휴일  일요일,9:00,18:00,0:00,0:00,서울특별시 노원구 노원로 530(상계동 671),02-2116-2942
노원문화원,서울특별시,노원구　,작은도서관,법정공휴일  일요일,9:00,18:00,0:00,0:00,서울특별시 노원구 동일로 197길 24(공릉동 710번지),02-948-1245
메아리작은도서관,서울특별시,노원구　,작은도서관,법정공휴일  일요일,9:00,18:00,0:00,0:00,서울특별시 노원구 노해길 183(상계6.7동 701-1),02-2116-4744
상계숲속작은도서관,서울특별시,노원구　,작은도서관,법정공휴일  일요일,9:00,18:00,0:00,0:00,서울특별시 노원구 동일로 227길 97(상계동 658),02-3391-7889
초안산숲속작은도서관,서울특별시,노원구　,작은도서관,법정공휴일  일요일,10:00,18:00,0:00,0:00,서울특별시 노원구 덕릉로 60길 199 (월계2동 905-12),02-905-3900
책사랑북카페,서울특별시,노원구　,작은도서관,법정공휴일  일요일,9:00,18:00,0:00,0:00,서울특별시 노원구 한글비석로 279(중계동 359-5),02-2116-2642
가산동작은도서관,서울특별시,금천구,작은도서관,토요일/법정공휴일,9:00,18:00,0:00,0:00,서울특별시 금천구 가산로 129,02-2104-5548
독산작은도서관,서울특별시,금천구,작은도서관,법정공휴일,10:00,17:00,0:00,0:00,서울특별시 금천구 시흥대로75길 12,02-896-7991
소망의나무 어린이작은도서관,서울특별시,금천구,작은도서관,법정공휴일,12:00,17:00,0:00,0:00,서울특별시 금천구 금하로11길 22,02-804-9596
금천문화복지도서관,서울특별시,금천구,작은도서관,법정공휴일,10:00,19:00,0:00,0:00,서울특별시 금천구 가산로 61,02-839-1155
나누리작은도서관,서울특별시,금천구,작은도서관,법정공휴일,13:00,18:00,0:00,0:00,서울특별시 금천구 시흥대로 75길 12,02-896-7991
은행나무어린이도서관,서울특별시,금천구,작은도서관,월요일,13:00,18:00,13:00,18:00,서울특별시 금천구 시흥대로75길 12,02-808-7902
산돌어린이도서관,서울특별시,금천구,작은도서관,월요일/법정공휴일,12:00,19:00,0:00,0:00,서울특별시 금천구 탑골로 43-8,02-892-7894
책읽는마을작은도서관,서울특별시,금천구,작은도서관,토요일/법정공휴일,10:00,18:00,0:00,0:00,서울특별시 금천구 독산로74길 31,02-858-9919
지혜의숲작은도서관,서울특별시,금천구,작은도서관,토요일/법정공휴일,10:00,18:00,10:00,18:00,서울특별시 금천구 시흥대로90길 25,070-7169-4313
책읽는주민사랑방작은도서관,서울특별시,금천구,작은도서관,토 일요일/법정공휴일,10:00,18:00,0:00,0:00,서울특별시 금천구 금하로21길 20,02-2104-5729
꿈꾸는작은도서관,서울특별시,금천구,작은도서관,토요일/법정공휴일,10:00,18:00,0:00,0:00,서울특별시 금천구 시흥대로18길 40,02-2104-5688
맑은누리작은도서관,서울특별시,금천구,작은도서관,토요일/법정공휴일,11:00,17:00,0:00,0:00,서울특별시 금천구 시흥대로58길 36,02-2104-5649
다락방작은도서관,서울특별시,금천구,작은도서관,토요일/법정공휴일,14:00,18:00,0:00,0:00,서울특별시 금천구 시흥대로123길 11,02-2104-5584
꿈씨어린이작은도서관,서울특별시,금천구,작은도서관,법정공휴일,10:00,19:00,0:00,0:00,서울특별시 금천구 독산로 317,02-859-7894
청개구리작은도서관,서울특별시,금천구,작은도서관,법정공휴일,9:00,18:00,0:00,0:00,서울특별시 금천구 독산로 317,02-857-4183
참새작은도서관,서울특별시,금천구,작은도서관,2 & 4주 월요일/법정공휴일,9:00,20:00,9:00,20:00,서울특별시 금천구 한내로 69-15,02-895-8240
책이든거리작은도서관,서울특별시,금천구,작은도서관,토요일/법정공휴일,11:00,20:00,0:00,0:00,서울특별시 금천구 범안로 1130 (가산동 685번지),02-853-3327
참새작은도서관,서울특별시,금천구,작은도서관,매월 둘째  넷째 월요일/일요일을 제외한 법정공휴일 휴관,9:00,20:00,0:00,0:00,서울특별시 금천구 한내로 69-15,02-895-8240
금천구립시흥도서관,서울특별시,금천구,공공도서관,매월 첫째 셋째 금요일/법정 공휴일,7:00,22:00,0:00,0:00,서울특별시 금천구 금하로 764,02-809-8242
금천구립금나래도서관,서울특별시,금천구,공공도서관,매월 마지막주 일요일/신정(1.1)  설연휴  추석연휴  석가탄신일  성탄절  선거일,9:00,22:00,9:00,17:00,서울특별시 금천구 시흥대로73길 70,02-2627-2991
금천구립가산도서관,서울특별시,금천구,공공도서관,매월 둘째 넷째 월요일/법정 공휴일,7:00,22:00,0:00,0:00,서울특별시 금천구 가산로5길 43,02-865-6817
금천구립독산도서관,서울특별시,금천구,공공도서관,매월 첫째 셋째 월요일/법정 공휴일,7:00,22:00,0:00,0:00,서울특별시 금천구 독산로 54길 114,02-863-9544
도림동공립작은도서관,서울특별시,영등포구,작은도서관,매주토 일요일,10:00,17:00,0:00,0:00,서울특별시 영등포구 도신로33길 4,02-833-3036
당산2동공립작은도서관,서울특별시,영등포구,작은도서관,매주토 일요일,10:00,17:00,0:00,0:00,서울특별시 영등포구 당산로 235,02-2632-2276
당산1동공립작은도서관,서울특별시,영등포구,작은도서관,매주토 일요일,10:00,17:00,0:00,0:00,서울특별시 영등포구 영등포로25길 24,02-2677-7916
여의동공립작은도서관,서울특별시,영등포구,작은도서관,매주토 일요일,10:00,17:00,0:00,0:00,서울특별시 영등포구 국제금융로124,02-784-2268
영등포동공립작은도서관,서울특별시,영등포구,작은도서관,매주토 일요일,10:00,17:00,0:00,0:00,서울특별시 영등포구 영신로200,02-2636-8222
신길2동(분소)공립작은도서관,서울특별시,영등포구,작은도서관,매주토 일요일,10:00,17:00,0:00,0:00,서울특별시 영등포구 영등포로64길15,02-843-5935
영등포본동공립작은도서관,서울특별시,영등포구,작은도서관,매주토 일요일,10:00,17:00,0:00,0:00,서울특별시 영등포구 신길로61길 17,02-847-8883
영등포구지부공립작은도서관,서울특별시,영등포구,작은도서관,매주토 일요일,10:00,17:00,0:00,0:00,서울특별시 영등포구 국회대로 596,02-2678-9997
여의디지털도서관,서울특별시,영등포구,공공도서관,매주월요일,9:00,20:00,9:00,17:00,서울특별시 영등포구 여의대로 24,02-2629-2222
선유정보문화도서관,서울특별시,영등포구,공공도서관,매주월요일,9:00,22:00,9:00,17:00,서울특별시 영등포구 선유로 43가길 10-8,02-2163-0800
문래정보문화도서관,서울특별시,영등포구,공공도서관,매주월요일,9:00,22:00,9:00,17:00,서울특별시 영등포구 문래로20길 49,02-2629-8600
대림정보문화도서관,서울특별시,영등포구,공공도서관,매주월요일,9:00,22:00,9:00,17:00,서울특별시 영등포구 도신로27,02-828-3700
목화마을공립작은도서관,서울특별시,영등포구,작은도서관,매주토 일요일,10:00,17:00,0:00,0:00,서울특별시 영등포구 선유로 13길 25,02-811-7410
대림3동공립작은도서관,서울특별시,영등포구,작은도서관,매주토 일요일,10:00,17:00,0:00,0:00,서울특별시 영등포구 대림로197,02-832-4705
대림2동공립작은도서관,서울특별시,영등포구,작은도서관,매주토 일요일,10:00,17:00,0:00,0:00,서울특별시 영등포구 대림로23길25,02-832-1215
대림1동공립작은도서관,서울특별시,영등포구,작은도서관,매주토 일요일,10:00,17:00,0:00,0:00,서울특별시 영등포구 디지털로441,02-834-4560
신길7동공립작은도서관,서울특별시,영등포구,작은도서관,매주토 일요일,10:00,17:00,0:00,0:00,서울특별시 영등포구 여의대방로43길10,070-8895-1186
신길6동공립작은도서관,서울특별시,영등포구,작은도서관,매주토 일요일,10:00,17:00,0:00,0:00,서울특별시 영등포구 대방천로 193,02-835-7476
신길5동공립작은도서관,서울특별시,영등포구,작은도서관,매주토 일요일,10:00,17:00,0:00,0:00,서울특별시 영등포구 도림로264,02-836-1005
신길4동공립작은도서관,서울특별시,영등포구,작은도서관,매주토 일요일,10:00,17:00,0:00,0:00,서울특별시 영등포구 신길로42길1,02-849-0394
신길3동공립작은도서관,서울특별시,영등포구,작은도서관,매주토 일요일,10:00,17:00,0:00,0:00,서울특별시 영등포구 신길로41라길13-8,070-8895-1185
신길1동공립작은도서관,서울특별시,영등포구,작은도서관,매주토 일요일,10:00,17:00,0:00,0:00,서울특별시 영등포구 영등포로84길24-5,070-8895-1184
양평2동공립작은도서관,서울특별시,영등포구,작은도서관,매주토 일요일,10:00,17:00,0:00,0:00,서울특별시 영등포구 선유로53길20-7,02-2679-5252
양평1동공립작은도서관,서울특별시,영등포구,작은도서관,매주토 일요일,10:00,17:00,0:00,0:00,서울특별시 영등포구 영등포로11길12,02-2670-1198
문래동공립작은도서관,서울특별시,영등포구,작은도서관,매주토 일요일,10:00,17:00,0:00,0:00,서울특별시 영등포구 도림로141가길16,02-2068-8919
도봉어린이문화정보도서관(디지털자료실),서울특별시,서울특별시 도봉구,공공도서관,매주화요일,9:00,18:00,9:00,17:00,서울특별시 도봉구 도봉구 노해로69길 151,02-995-4171
"도봉어린이문화정보센터(자료열람실, 잉글리시 아일랜드)",서울특별시,서울특별시 도봉구,공공도서관,매주화요일,9:00,18:00,9:00,17:00,서울특별시 도봉구 도봉구 노해로69길 151,02-995-4171
학마을도서관 (종합자료실),서울특별시,서울특별시 도봉구,공공도서관,매주월요일,9:00,20:00,9:00,17:00,서울특별시 도봉구 도봉구 시루봉로 128,02-955-0655
학마을도서관 (어린이 자료실),서울특별시,서울특별시 도봉구,공공도서관,매주월요일,9:00,18:00,9:00,17:00,서울특별시 도봉구 도봉구 시루봉로 128,02-955-0655
방학동영유아플라자,서울특별시,서울특별시 도봉구,공공도서관,매주일요일,9:30,17:30,0:00,0:00,서울특별시 도봉구 도봉구 방학로 12길 28 (방학동),02-3494-3557
창동영유아플라자,서울특별시,서울특별시 도봉구,공공도서관,매주월요일,9:30,17:30,10:00,15:00,서울특별시 도봉구 도봉구 우이천로4길 24-5 (창동),02-994-3372
무수골 도서관,서울특별시,서울특별시 도봉구,어린이도서관,매주월요일,9:00,18:00,9:00,17:00,서울특별시 도봉구 도봉구 도봉로175길 10,02-3492-0078
방학1동 공립 작은도서관,서울특별시,서울특별시 도봉구,작은도서관,매주토 일요일,10:00,17:00,0:00,0:00,서울특별시 도봉구 도봉구 방학로2길 27,02-2091-5904
방학2동 공립 작은도서관,서울특별시,서울특별시 도봉구,작은도서관,매주토 일요일,10:00,17:00,0:00,0:00,서울특별시 도봉구 도봉구 시루봉로 226,02-2091-5905
방학3동 공립 작은도서관,서울특별시,서울특별시 도봉구,작은도서관,매주토 일요일,10:00,17:00,0:00,0:00,서울특별시 도봉구 도봉구 해등로32길 80,02-2091-5906
도봉1동 공립 작은도서관,서울특별시,서울특별시 도봉구,작은도서관,매주토 일요일,10:00,17:00,0:00,0:00,서울특별시 도봉구 도봉구 도봉로169 나길 22,02-2091-5912
도봉2동 공립 작은도서관,서울특별시,서울특별시 도봉구,작은도서관,매주토 일요일,14:00,17:00,0:00,0:00,서울특별시 도봉구 도봉구 마들로 668,02-2091-5913
쌍문1동 공립 작은도서관,서울특별시,서울특별시 도봉구,작은도서관,매주토 일요일,10:00,17:00,0:00,0:00,서울특별시 도봉구 도봉구 노해로 147,02-2091-5900
쌍문2동 공립 작은도서관,서울특별시,서울특별시 도봉구,작은도서관,매주토 일요일,14:00,17:00,0:00,0:00,서울특별시 도봉구 도봉구 방학로3길 117,02-2091-5901
쌍문3동 공립 작은도서관,서울특별시,서울특별시 도봉구,작은도서관,매주토 일요일,10:00,17:00,0:00,0:00,서울특별시 도봉구 도봉구 노해로44길 9,02-2091-5902
쌍문4동 공립 작은도서관,서울특별시,서울특별시 도봉구,작은도서관,매주토 일요일,10:00,17:00,0:00,0:00,서울특별시 도봉구 도봉구 시루봉로 62-7,02-2091-5903
창1동 공립 작은도서관,서울특별시,서울특별시 도봉구,작은도서관,매주토 일요일,10:00,17:00,0:00,0:00,서울특별시 도봉구 도봉구 해등로 46,02-2091-5907
창2동 공립 작은도서관,서울특별시,서울특별시 도봉구,작은도서관,매주토 일요일,10:00,17:00,0:00,0:00,서울특별시 도봉구 도봉구 덕릉로 59길 73-3,02-2091-5908
창3동 공립 작은도서관,서울특별시,서울특별시 도봉구,작은도서관,매주토 일요일,14:00,17:00,0:00,0:00,서울특별시 도봉구 도봉구 덕릉로62길 89,02-2091-5909
창4동 공립 작은도서관,서울특별시,서울특별시 도봉구,작은도서관,매주토 일요일,14:00,17:00,0:00,0:00,서울특별시 도봉구 도봉구 노해로 390,02-2091-5910
창5동 공립 작은도서관,서울특별시,서울특별시 도봉구,작은도서관,매주토 일요일,10:00,17:00,0:00,0:00,서울특별시 도봉구 도봉구 도봉로 136 나길 20,02-2091-5911
북서울중학교 도서관,서울특별시,서울특별시 도봉구,학교도서관,매주토 일요일,9:00,17:00,0:00,0:00,서울특별시 도봉구 도봉구 도봉로169가길 33,02-956-1108
창북중학교 도서관,서울특별시,서울특별시 도봉구,학교도서관,매주월요일,13:00,19:00,0:00,0:00,서울특별시 도봉구 도봉구 노해로 62길 33,070-8230-5263
도봉구청사 행복작은도서관,서울특별시,서울특별시 도봉구,작은도서관,매주토 일요일,9:00,18:00,0:00,0:00,서울특별시 도봉구 도봉구 마들로 656,02-2091-2278
서울특별시교육청도봉도서관(종합자료실),서울특별시,서울특별시 도봉구,공공도서관,매월둘째  넷째 수요일,9:00,18:00,9:00,17:00,서울특별시 도봉구 도봉구 삼양로 556(쌍문동),02-6714-7400
서울특별시교육청도봉도서관(어린이자료실),서울특별시,서울특별시 도봉구,공공도서관,매월둘째  넷째 수요일,9:00,18:00,9:00,17:00,서울특별시 도봉구 도봉구 삼양로 556(쌍문동),02-6714-7400
서울특별시교육청도봉도서관(디지털자료실),서울특별시,서울특별시 도봉구,공공도서관,매월둘째  넷째 수요일,9:00,22:00,9:00,18:00,서울특별시 도봉구 도봉구 삼양로 556(쌍문동),02-6714-7400
도봉문화정보도서관(종합자료실),서울특별시,서울특별시 도봉구,공공도서관,매주화요일,9:00,22:00,9:00,18:00,서울특별시 도봉구 도봉구 덕릉로 315 (창동),02-900-1835
도봉문화정보도서관(어린이열람실),서울특별시,서울특별시 도봉구,공공도서관,매주화요일,9:00,18:00,9:00,17:00,서울특별시 도봉구 도봉구 덕릉로 315 (창동),02-900-1835
도봉어린이문화정보도서관(영 유아),서울특별시,서울특별시 도봉구,공공도서관,매주화요일,9:00,18:00,9:00,17:00,서울특별시 도봉구 도봉구 노해로69길 151,02-995-4171
새빛작은도서관,서울특별시,광진구,작은도서관,매주 일요일,10:00,19:00,0:00,0:00,서울특별시 광진구 아차산로46가길 23(자양동),02-3436-3477
예드림문고,서울특별시,광진구,작은도서관,매주 일요일,10:00,19:00,0:00,0:00,서울특별시 광진구 구의로61(구의동),02-6408-0014
광진정보도서관,서울특별시,광진구,공공도서관,매월 둘째 넷째 화요일 공휴일,9:00,22:00,0:00,0:00,서울특별시 광진구 아차산로78길 90(광장동),02-3437-5092
중곡문화체육센터도서관,서울특별시,광진구,공공도서관,매월 첫째 셋째 월요일 공휴일,9:00,22:00,0:00,0:00,서울특별시 광진구 능동로 433(중곡동),02-3408-4900
자양제4동도서관,서울특별시,광진구,공공도서관,매월 첫째 셋째 화요일 공휴일,9:00,19:00,0:00,0:00,서울특별시 광진구 뚝섬로26길 58(자양동),02-465-0737
구의제3동도서관,서울특별시,광진구,공공도서관,매월 둘째 넷째 월요일 공휴일,9:00,19:00,0:00,0:00,서울특별시 광진구 강변역로 17(구의동),02-454-6294
중곡1동새마을작은도서관,서울특별시,광진구,작은도서관,매주 토요일 일요일 공휴일,13:00,17:00,0:00,0:00,서울특별시 광진구 긴고랑로12길 49(중곡동),02-461-9058
중곡2동새마을작은도서관,서울특별시,광진구,작은도서관,매주 토요일 일요일 공휴일,13:00,17:00,0:00,0:00,서울특별시 광진구 능동로 346(중곡동),02-458-7036
중곡3동새마을작은도서관,서울특별시,광진구,작은도서관,매주 토요일 일요일 공휴일,10:00,17:00,0:00,0:00,서울특별시 광진구 동일로76가길 28(중곡동),02-462-4916
중곡4동새마을작은도서관,서울특별시,광진구,작은도서관,매주 토요일 일요일 공휴일,10:00,17:00,0:00,0:00,서울특별시 광진구 긴고랑로 131(중곡동),02-450-1513
능동새마을작은도서관,서울특별시,광진구,작은도서관,매주 토요일 일요일 공휴일,13:00,17:00,0:00,0:00,서울특별시 광진구 천호대로112길 55(능동),02-453-6525
구의1동새마을작은도서관,서울특별시,광진구,작은도서관,매주 토요일 일요일 공휴일,10:00,17:00,0:00,0:00,서울특별시 광진구 자양로28가길 22-3(구의동),02-454-2830
구의2동새마을작은도서관,서울특별시,광진구,작은도서관,매주 토요일 일요일 공휴일,9:00,17:30,0:00,0:00,서울특별시 광진구 천호대로136길 55(구의동),02-458-1380
광장동새마을작은도서관,서울특별시,광진구,작은도서관,매주 토요일 일요일 공휴일,13:00,17:00,0:00,0:00,서울특별시 광진구 광장로 52(광장동),02-458-8379
자양1동새마을작은도서관,서울특별시,광진구,작은도서관,매주 토요일 일요일 공휴일,13:00,17:00,0:00,0:00,서울특별시 광진구 자양로13길 37(자양동),02-446-0135
자양2동새마을작은도서관,서울특별시,광진구,작은도서관,매주 토요일 일요일 공휴일,13:30,17:30,0:00,0:00,서울특별시 광진구 자양로3가길 26(자양동),02-498-9963
자양3동새마을작은도서관,서울특별시,광진구,작은도서관,매주 토요일 일요일 공휴일,10:00,16:00,0:00,0:00,서울특별시 광진구 뚝섬로 568(자양동),02-458-4525
자양4동새마을작은도서관,서울특별시,광진구,작은도서관,매주 토요일 일요일 공휴일,13:00,17:00,0:00,0:00,서울특별시 광진구 아차산로24길 17(자양동),02-462-0395
화양동새마을작은도서관,서울특별시,광진구,작은도서관,매주 토요일 일요일 공휴일,13:00,17:00,0:00,0:00,서울특별시 광진구 능동로17길 39(화양동),02-461-2638
자양전통시장작은도서관,서울특별시,광진구,작은도서관,매주 월요일  일요일,10:00,17:00,0:00,0:00,서울특별시 광진구 뚝섬로47길 45-2(자양동),02-6349-0809
날마다자라는나무,서울특별시,광진구,작은도서관,매주 토요일  일요일,13:00,17:00,0:00,0:00,서울특별시 광진구 자양번영로4길 8(자양동),02-455-0614
그루터기도서관,서울특별시,광진구,작은도서관,매주 토요일  일요일,13:00,17:00,0:00,0:00,서울특별시 광진구 뚝섬로59길 18(자양동),02-456-1679
평강마을도서관,서울특별시,광진구,작은도서관,없음,9:00,17:00,9:00,17:00,서울특별시 광진구 자양번영로4길 13(자양동),02-453-6238
푸른꿈도서관,서울특별시,광진구,작은도서관,없음,9:30,17:00,10:30,18:00,서울특별시 광진구 자양로32길 53(구의동),02-446-8411
광장현대파크빌도서관,서울특별시,광진구,작은도서관,매주 목요일  일요일,9:00,23:00,0:00,0:00,서울특별시 광진구 아차산로 549(광장동),02-458-7480
중곡교회작은도서관,서울특별시,광진구,작은도서관,매주 월요일  일요일,11:00,17:00,0:00,0:00,서울특별시 광진구 긴고랑로36길 56(중곡동),02-452-4985
아름드리작은도서관,서울특별시,광진구,작은도서관,매주 토요일  일요일,9:00,18:00,0:00,0:00,서울특별시 광진구 워커힐로 93(구의동),02-446-1237
어린이도서관주영심나무,서울특별시,광진구,작은도서관,매주 토요일  일요일,13:00,18:00,0:00,0:00,서울특별시 광진구 용마산로1길91(중곡동),02-457-8822
아차산아래작은도서관놀자,서울특별시,광진구,작은도서관,매주 일요일,10:00,19:00,0:00,0:00,서울특별시 광진구 자양로50가길 45(구의동),02-2272-2011
하람도서관,서울특별시,광진구,작은도서관,매주 토요일  일요일,10:00,18:00,0:00,0:00,서울특별시 광진구 용마산로 16길 18(중곡동),02-475-7791
운룡도서관,서울특별시,광진구,작은도서관,매주 토요일  일요일,10:00,18:00,0:00,0:00,서울특별시 광진구 자양로43길 85(중곡동),02-454-3431
더바움지식문화작은도서관,서울특별시,광진구,작은도서관,매주 토요일  일요일,14:00,18:00,0:00,0:00,서울특별시 광진구 구의로 39(구의동),02-443-6366
성신비전스쿨도서관,서울특별시,광진구,작은도서관,매주 토요일  일요일,10:00,18:00,0:00,0:00,서울특별시 광진구 동일로 160(화양동),02-463-5959
이룸도서관,서울특별시,광진구,작은도서관,매주 토요일  일요일,14:00,18:00,0:00,0:00,서울특별시 광진구 용마산로 49(중곡동),02-446-0691
배움의기쁨작은도서관,서울특별시,광진구,작은도서관,매주 토요일  일요일,11:00,17:00,0:00,0:00,서울특별시 광진구 아차산로44길 29(자양동),02-446-3557
군자동새마을작은도서관,서울특별시,광진구,작은도서관,매주 토요일  일요일 공휴일,13:30,17:30,0:00,0:00,서울특별시 광진구 군자로 151(군자동),02-465-9082
목마도서관,서울특별시,양천구,공공도서관,일요일  법정공휴일,10:00,22:00,0:00,0:00,서울특별시 양천구 목동서로 11,02-2652-8910
개울도서관,서울특별시,양천구,공공도서관,일요일  법정공휴일,10:00,18:00,0:00,0:00,서울특별시 양천구 중앙로52길 56,02-2684-5413
방아다리문학도서관,서울특별시,양천구,공공도서관,일요일  법정공휴일,10:00,22:00,0:00,0:00,서울특별시 양천구 화곡로4길 10,02-2620-4149
해맞이도서관,서울특별시,양천구,공공도서관,매주월  법정공휴일,9:00,22:00,0:00,0:00,서울특별시 양천구 화곡로4길 10,02-2699-9223
영어특성화도서관,서울특별시,양천구,공공도서관,일요일  법정공휴일,10:00,22:00,0:00,0:00,서울특별시 양천구 화곡로4길 10,02-654-8493
마포구립하늘도서관,서울특별시,마포구,공공도서관,월요일  공휴일,9:00,22:00,0:00,0:00,"서울특별시 마포구 월드컵로 212, 12층",02-3153-6260
마포구립서강도서관,서울특별시,마포구,공공도서관,화요일  공휴일,9:00,22:00,0:00,0:00,"서울특별시 마포구 독막로165, 3~5층",02-3141-7053
마포어린이영어도서관,서울특별시,마포구,어린이영어도서관,일요일  공휴일,10:00,19:00,0:00,0:00,"서울특별시 마포구 도화4길 53, 2층",02-716-3987
꿈나래어린이영어도서관,서울특별시,마포구,어린이영어도서관,일요일  공휴일,10:00,19:00,0:00,0:00,"서울특별시 마포구 월드컵로13길 80, 2층",02-323-1841
꿈을이루는작은도서관,서울특별시,마포구,작은도서관,일요일  공휴일,10:00,19:00,0:00,0:00,"서울특별시 마포구 마포대로7길 18, 2층",02-706-4785
아름드리작은도서관,서울특별시,마포구,작은도서관,일요일  공휴일,10:00,19:00,0:00,0:00,"서울특별시 마포구 방울내로7길 11, 1층",02-322-8639
해오름작은도서관,서울특별시,마포구,작은도서관,일요일  공휴일,10:00,19:00,0:00,0:00,"서울특별시 마포구 신촌로26길 10, 2층",02-714-8080
성메작은도서관,서울특별시,마포구,작은도서관,일요일  공휴일,10:00,19:00,0:00,0:00,"서울특별시 마포구 월드컵북로30길 22, 2층",02-373-4785
성산글마루작은도서관,서울특별시,마포구,작은도서관,일요일  공휴일,10:00,19:00,0:00,0:00,"서울특별시 마포구 월드컵북로 235, 3층",02-373-2900
늘푸른소나무작은도서관,서울특별시,마포구,작은도서관,일요일  공휴일,9:00,18:00,0:00,0:00,"서울특별시 마포구 백범로 227, 3층",02-718-4785
복사골작은도서관,서울특별시,마포구,작은도서관,일요일  공휴일,10:00,19:00,0:00,0:00,"서울특별시 마포구 도화4길 53, 3~4층",02-716-5800
용강동작은도서관,서울특별시,마포구,작은도서관,일요일  공휴일,10:00,19:00,0:00,0:00,"서울특별시 마포구 토정로31길 31, 2층",02-716-4785
성내도서관,서울특별시,강동구,공공도서관,매주월요일,9:00,18:00,9:00,17:00,"서울특별시 강동구 성안로 106-1 (성내동, 성내도서관)",02-471-0044
해공도서관,서울특별시,강동구,공공도서관,매주화요일,9:00,18:00,9:00,17:00,"서울특별시 강동구 올림픽로 702 (천호동, 해공공원)",02-478-9656
강일도서관,서울특별시,강동구,공공도서관,매주화요일,9:00,18:00,9:00,17:00,"서울특별시 강동구 아리수로93길 9-14,4,5층(강일동)",02-427-4004
암사도서관,서울특별시,강동구,공공도서관,매주월요일,9:00,18:00,9:00,17:00,"서울특별시 강동구 고덕로20길 42 (암사동, 암사도서관)",02-429-0476
달마을작은도서관,서울특별시,양천구,작은도서관,일요일  법정공휴일,10:00,18:00,0:00,0:00,서울특별시 양천구 목동중앙본로 120,02-2620-3979
꿈자람 작은도서관,서울특별시,양천구,작은도서관,일요일  법정공휴일,10:00,18:00,0:00,0:00,서울특별시 양천구 목동중앙남로 16나길 55,02-2654-3970
고운달 작은도서관,서울특별시,양천구,작은도서관,일요일  법정공휴일,10:00,18:00,0:00,0:00,서울특별시 양천구 목동중앙남로 16나길 55,02-2620-4069
고운맘 작은도서관,서울특별시,양천구,작은도서관,일요일  법정공휴일,10:00,18:00,0:00,0:00,서울특별시 양천구 목동중앙남로 16나길 55,02-2694-5454
달빛마을 작은도서관,서울특별시,양천구,작은도서관,일요일  법정공휴일,10:00,18:00,0:00,0:00,서울특별시 양천구 목동중앙남로 16나길 55,02-2620-4108
지양마을 작은도서관,서울특별시,양천구,작은도서관,일요일  법정공휴일,10:00,18:00,0:00,0:00,서울특별시 양천구 지양로17길 33 파크빌라,02-2692-1704
그린나래작은도서관,서울특별시,양천구,작은도서관,일요일  법정공휴일,10:00,18:00,0:00,0:00,서울특별시 양천구 목동중앙남로 16나길 55,02-2084-5387
호롱불작은도서관,서울특별시,양천구,작은도서관,일요일  법정공휴일,10:00,18:00,0:00,0:00,서울특별시 양천구 목동중앙남로 16나길 55,02-2620-4229
고맙습니다 작은도서관,서울특별시,양천구,작은도서관,일요일  법정공휴일,10:00,18:00,0:00,0:00,서울특별시 양천구 중앙로 209,02-2699-6855
넓은들작은도서관,서울특별시,양천구,작은도서관,일요일  법정공휴일,10:00,18:00,0:00,0:00,서울특별시 양천구 목동중앙남로 16나길 55,02-2618-1307
갈산도서관,서울특별시,양천구,공공도서관,매주월  법정공휴일,9:00,22:00,0:00,0:00,서울특별시 양천구 목동남로 4길 48-6,02-2684-5410
신월디지털정보도서관,서울특별시,양천구,공공도서관,매주월  법정공휴일,9:00,22:00,0:00,0:00,서울특별시 양천구 오목로5길 34,02-2084-5412
서초어린이도서관,서울특별시,서초구,어린이도서관,월요일  법정공휴일,10:00,22:00,0:00,0:00,서울특별시 서초구 효령로77길 37,02-3471-1337
서초구청 작은도서관,서울특별시,서초구,작은도서관,법정공휴일,9:00,18:00,0:00,0:00,서울특별시 서초구 남부순환로 2584,02-2155-8552
서초어린이책마을,서울특별시,서초구,작은도서관,매월 셋째주 월요일 매월 마지막일  법정공휴일,10:00,18:00,0:00,0:00,서울특별시 서초구 반포대로 57,02-3486-0737
서초1동 작은도서관,서울특별시,서초구,작은도서관,법정공휴일  주말,9:00,18:00,0:00,0:00,서울특별시 서초구 사임당로 89,02-2155-7418
서초2동 작은도서관,서울특별시,서초구,작은도서관,법정공휴일  주말,9:00,18:00,0:00,0:00,서울특별시 서초구 서초대로70길 51,02-2155-7436
서초3동 작은도서관,서울특별시,서초구,작은도서관,법정공휴일  주말,9:00,18:00,0:00,0:00,서울특별시 서초구 반포대로 58,02-3472-7462
강북문화정보도서관,서울특별시,강북구,공공도서관,매월둘째넷째월요일 정부지정공휴일,7:00,23:00,7:00,23:00,서울특별시 강북구 오현로 145 (번동),02-944-3100
강북청소년문화정보도서관,서울특별시,강북구,공공도서관,매월둘째넷째월요일 정부지정공휴일,7:00,22:00,7:00,22:00,서울특별시 강북구 삼양로54길 68 (미아동),02-944-3140
솔샘문화정보도서관,서울특별시,강북구,공공도서관,매월첫째셋째월요일 정부지정공휴일,7:00,22:00,7:00,22:00,서울특별시 강북구 솔샘로 177 (미아동),02-944-3150
송중문화정보도서관,서울특별시,강북구,공공도서관,매월첫째셋째월요일 정부지정공휴일,7:00,22:00,7:00,22:00,서울특별시 강북구 도봉로20나길 6 (미아동),02-944-3160
수유문화정보도서관,서울특별시,강북구,공공도서관,매월첫째셋째월요일 정부지정공휴일,7:00,22:00,7:00,22:00,서울특별시 강북구 삼양로 299 (수유동),02-944-3170
미아문화정보도서관,서울특별시,강북구,공공도서관,매월둘째넷째월요일 정부지정공휴일,7:00,22:00,7:00,22:00,서울특별시 강북구 솔매로49길 14 (미아동),02-944-3180
서초4동 작은도서관,서울특별시,서초구,작은도서관,법정공휴일  주말,9:00,18:00,0:00,0:00,서울특별시 서초구 서운로26길 3,02-2155-7508
잠원동 작은도서관,서울특별시,서초구,작은도서관,법정공휴일  주말,9:00,17:00,0:00,0:00,서울특별시 서초구 나루터로 38,02-2155-7556
구립반포도서관,서울특별시,서초구,공공도서관,월요일  법정공휴일,9:00,22:00,0:00,0:00,서울특별시 서초구 고무래로 34,02-520-8700
반포본동 작은도서관,서울특별시,서초구,작은도서관,법정공휴일  주말,9:00,18:00,0:00,0:00,서울특별시 서초구 신반포로 10,02-2155-7577
반포1동 작은도서관,서울특별시,서초구,작은도서관,법정공휴일  주말,10:00,17:00,0:00,0:00,서울특별시 서초구 사평대로 273,02-2155-7615
반포2동 작은도서관,서울특별시,서초구,작은도서관,법정공휴일  주말,9:00,18:00,0:00,0:00,서울특별시 서초구 신반포로15길 16,02-2155-7635
반포3동 작은도서관,서울특별시,서초구,작은도서관,법정공휴일  주말,9:00,17:00,0:00,0:00,서울특별시 서초구 신반포로23길 78,02-2155-7670
반포4동 작은도서관,서울특별시,서초구,작은도서관,법정공휴일  주말,9:00,18:00,0:00,0:00,서울특별시 서초구 사평대로 98,02-2155-7703
방배본동 작은도서관,서울특별시,서초구,작은도서관,법정공휴일  주말,10:00,17:00,0:00,0:00,서울특별시 서초구 동광로19길 38,02-2155-7734
방배1동 작은도서관,서울특별시,서초구,작은도서관,법정공휴일  주말,10:00,17:00,0:00,0:00,서울특별시 서초구 효령로29길 43,02-2155-7765
방배2동 작은도서관,서울특별시,서초구,작은도서관,법정공휴일  주말,9:00,18:00,0:00,0:00,서울특별시 서초구 청두곶길 36,02-2155-7785
방배3동 작은도서관,서울특별시,서초구,작은도서관,법정공휴일  주말,9:00,18:00,0:00,0:00,서울특별시 서초구 방배로10길 10-20,02-2155-7823
방배4동 작은도서관,서울특별시,서초구,작은도서관,법정공휴일  주말,10:00,17:00,0:00,0:00,서울특별시 서초구 방배로27길 13,02-2155-7851
양재1동 작은도서관,서울특별시,서초구,작은도서관,법정공휴일  주말,9:00,18:00,0:00,0:00,서울특별시 서초구 바우뫼로 41,02-2155-7800
양재2동 작은도서관,서울특별시,서초구,작은도서관,법정공휴일  주말,9:00,18:00,0:00,0:00,서울특별시 서초구 강남대로12길 44,02-2155-7906
내곡동 작은도서관,서울특별시,서초구,작은도서관,법정공휴일 / 주말,9:00,18:00,0:00,0:00,서울특별시 서초구 염곡말길 9,02-2155-7938
